study,codenum,obs,block,cond,expnum,block_unique,total_rows,comparisons,matches,mismatches
Houborg et al. (2023b),20,1,1,1,1,1,60,59,59,0
Houborg et al. (2023b),20,1,2,1,1,2,60,59,59,0
Houborg et al. (2023b),20,1,3,1,1,3,60,59,59,0
Houborg et al. (2023b),20,1,4,1,1,4,60,59,59,0
Houborg et al. (2023b),20,1,5,1,1,5,60,59,59,0
Houborg et al. (2023b),20,1,6,1,1,6,60,59,59,0
Houborg et al. (2023b),20,1,1,1,1,7,100,99,99,0
Houborg et al. (2023b),20,1,2,1,1,8,100,99,99,0
Houborg et al. (2023b),20,1,3,1,1,9,100,99,99,0
Houborg et al. (2023b),20,1,4,1,1,10,100,99,99,0
Houborg et al. (2023b),20,1,5,1,1,11,100,99,99,0
Houborg et al. (2023b),20,1,6,1,1,12,100,99,99,0
Houborg et al. (2023b),20,2,1,1,1,1,60,59,59,0
Houborg et al. (2023b),20,2,2,1,1,2,60,59,59,0
Houborg et al. (2023b),20,2,3,1,1,3,60,59,59,0
Houborg et al. (2023b),20,2,4,1,1,4,60,59,59,0
Houborg et al. (2023b),20,2,5,1,1,5,60,59,59,0
Houborg et al. (2023b),20,2,6,1,1,6,60,59,59,0
Houborg et al. (2023b),20,2,1,1,1,7,100,99,99,0
Houborg et al. (2023b),20,2,2,1,1,8,100,99,99,0
Houborg et al. (2023b),20,2,3,1,1,9,100,99,99,0
Houborg et al. (2023b),20,2,4,1,1,10,100,99,99,0
Houborg et al. (2023b),20,2,5,1,1,11,100,99,99,0
Houborg et al. (2023b),20,2,6,1,1,12,100,99,99,0
Houborg et al. (2023b),20,3,1,1,1,1,100,99,99,0
Houborg et al. (2023b),20,3,2,1,1,2,100,99,99,0
Houborg et al. (2023b),20,3,3,1,1,3,100,99,99,0
Houborg et al. (2023b),20,3,4,1,1,4,100,99,99,0
Houborg et al. (2023b),20,3,1,1,1,5,100,99,99,0
Houborg et al. (2023b),20,3,2,1,1,6,100,99,99,0
Houborg et al. (2023b),20,3,3,1,1,7,100,99,99,0
Houborg et al. (2023b),20,3,4,1,1,8,100,99,99,0
Houborg et al. (2023b),20,3,5,1,1,9,100,99,99,0
Houborg et al. (2023b),20,3,6,1,1,10,100,99,99,0
Houborg et al. (2023b),20,4,1,1,1,1,100,99,99,0
Houborg et al. (2023b),20,4,2,1,1,2,100,99,99,0
Houborg et al. (2023b),20,4,3,1,1,3,100,99,99,0
Houborg et al. (2023b),20,4,4,1,1,4,100,99,99,0
Houborg et al. (2023b),20,4,1,1,1,5,100,99,99,0
Houborg et al. (2023b),20,4,2,1,1,6,100,99,99,0
Houborg et al. (2023b),20,4,3,1,1,7,100,99,99,0
Houborg et al. (2023b),20,4,4,1,1,8,100,99,99,0
Houborg et al. (2023b),20,4,5,1,1,9,100,99,99,0
Houborg et al. (2023b),20,4,6,1,1,10,100,99,99,0
Houborg et al. (2023b),20,5,1,1,1,1,100,99,99,0
Houborg et al. (2023b),20,5,2,1,1,2,100,99,99,0
Houborg et al. (2023b),20,5,3,1,1,3,100,99,99,0
Houborg et al. (2023b),20,5,4,1,1,4,100,99,99,0
Houborg et al. (2023b),20,5,1,1,1,5,100,99,99,0
Houborg et al. (2023b),20,5,2,1,1,6,100,99,99,0
Houborg et al. (2023b),20,5,3,1,1,7,100,99,99,0
Houborg et al. (2023b),20,5,4,1,1,8,100,99,99,0
Houborg et al. (2023b),20,5,5,1,1,9,100,99,99,0
Houborg et al. (2023b),20,5,6,1,1,10,100,99,99,0
Houborg et al. (2023b),20,6,1,1,1,1,100,99,99,0
Houborg et al. (2023b),20,6,2,1,1,2,100,99,99,0
Houborg et al. (2023b),20,6,3,1,1,3,100,99,99,0
Houborg et al. (2023b),20,6,4,1,1,4,100,99,99,0
Houborg et al. (2023b),20,6,1,1,1,5,100,99,99,0
Houborg et al. (2023b),20,6,2,1,1,6,100,99,99,0
Houborg et al. (2023b),20,6,3,1,1,7,100,99,99,0
Houborg et al. (2023b),20,6,4,1,1,8,100,99,99,0
Houborg et al. (2023b),20,6,5,1,1,9,100,99,99,0
Houborg et al. (2023b),20,6,6,1,1,10,100,99,99,0
Houborg et al. (2023b),20,7,1,1,1,1,100,99,99,0
Houborg et al. (2023b),20,7,2,1,1,2,100,99,99,0
Houborg et al. (2023b),20,7,3,1,1,3,100,99,99,0
Houborg et al. (2023b),20,7,4,1,1,4,100,99,99,0
Houborg et al. (2023b),20,7,1,1,1,5,100,99,99,0
Houborg et al. (2023b),20,7,2,1,1,6,100,99,99,0
Houborg et al. (2023b),20,7,3,1,1,7,100,99,99,0
Houborg et al. (2023b),20,7,4,1,1,8,100,99,99,0
Houborg et al. (2023b),20,7,5,1,1,9,100,99,99,0
Houborg et al. (2023b),20,7,6,1,1,10,100,99,99,0
Houborg et al. (2023b),20,8,1,1,1,1,100,99,99,0
Houborg et al. (2023b),20,8,2,1,1,2,100,99,99,0
Houborg et al. (2023b),20,8,3,1,1,3,100,99,99,0
Houborg et al. (2023b),20,8,4,1,1,4,100,99,99,0
Houborg et al. (2023b),20,8,1,1,1,5,100,99,99,0
Houborg et al. (2023b),20,8,2,1,1,6,100,99,99,0
Houborg et al. (2023b),20,8,3,1,1,7,100,99,99,0
Houborg et al. (2023b),20,8,4,1,1,8,100,99,99,0
Houborg et al. (2023b),20,8,5,1,1,9,100,99,99,0
Houborg et al. (2023b),20,8,6,1,1,10,100,99,99,0
Houborg et al. (2023b),20,9,1,1,1,1,100,99,99,0
Houborg et al. (2023b),20,9,2,1,1,2,100,99,99,0
Houborg et al. (2023b),20,9,3,1,1,3,100,99,99,0
Houborg et al. (2023b),20,9,4,1,1,4,100,99,99,0
Houborg et al. (2023b),20,9,1,1,1,5,100,99,99,0
Houborg et al. (2023b),20,9,2,1,1,6,100,99,99,0
Houborg et al. (2023b),20,9,3,1,1,7,100,99,99,0
Houborg et al. (2023b),20,9,4,1,1,8,100,99,99,0
Houborg et al. (2023b),20,9,5,1,1,9,100,99,99,0
Houborg et al. (2023b),20,9,6,1,1,10,100,99,99,0
Houborg et al. (2023b),20,10,1,1,1,1,100,99,99,0
Houborg et al. (2023b),20,10,2,1,1,2,100,99,99,0
Houborg et al. (2023b),20,10,3,1,1,3,100,99,99,0
Houborg et al. (2023b),20,10,4,1,1,4,100,99,99,0
Houborg et al. (2023b),20,10,1,1,1,5,100,99,99,0
Houborg et al. (2023b),20,10,2,1,1,6,100,99,99,0
Houborg et al. (2023b),20,10,3,1,1,7,100,99,99,0
Houborg et al. (2023b),20,10,4,1,1,8,100,99,99,0
Houborg et al. (2023b),20,10,5,1,1,9,100,99,99,0
Houborg et al. (2023b),20,10,6,1,1,10,100,99,99,0
Houborg et al. (2023b),20,11,1,1,1,1,100,99,99,0
Houborg et al. (2023b),20,11,2,1,1,2,100,99,99,0
Houborg et al. (2023b),20,11,3,1,1,3,100,99,99,0
Houborg et al. (2023b),20,11,4,1,1,4,100,99,99,0
Houborg et al. (2023b),20,11,1,1,1,5,100,99,99,0
Houborg et al. (2023b),20,11,2,1,1,6,100,99,99,0
Houborg et al. (2023b),20,11,3,1,1,7,100,99,99,0
Houborg et al. (2023b),20,11,4,1,1,8,100,99,99,0
Houborg et al. (2023b),20,11,5,1,1,9,100,99,99,0
Houborg et al. (2023b),20,11,6,1,1,10,100,99,99,0
Houborg et al. (2023b),20,12,1,1,1,1,100,99,99,0
Houborg et al. (2023b),20,12,2,1,1,2,100,99,99,0
Houborg et al. (2023b),20,12,3,1,1,3,100,99,99,0
Houborg et al. (2023b),20,12,4,1,1,4,100,99,99,0
Houborg et al. (2023b),20,12,1,1,1,5,100,99,99,0
Houborg et al. (2023b),20,12,2,1,1,6,100,99,99,0
Houborg et al. (2023b),20,12,3,1,1,7,100,99,99,0
Houborg et al. (2023b),20,12,4,1,1,8,100,99,99,0
Houborg et al. (2023b),20,12,5,1,1,9,100,99,99,0
Houborg et al. (2023b),20,12,6,1,1,10,100,99,99,0
Houborg et al. (2023b),20,14,1,1,1,1,100,99,99,0
Houborg et al. (2023b),20,14,2,1,1,2,100,99,99,0
Houborg et al. (2023b),20,14,3,1,1,3,100,99,99,0
Houborg et al. (2023b),20,14,4,1,1,4,100,99,99,0
Houborg et al. (2023b),20,14,1,1,1,5,100,99,99,0
Houborg et al. (2023b),20,14,2,1,1,6,100,99,99,0
Houborg et al. (2023b),20,14,3,1,1,7,100,99,99,0
Houborg et al. (2023b),20,14,4,1,1,8,100,99,99,0
Houborg et al. (2023b),20,14,5,1,1,9,100,99,99,0
Houborg et al. (2023b),20,14,6,1,1,10,100,99,99,0
Houborg et al. (2023b),20,15,1,1,1,1,100,99,99,0
Houborg et al. (2023b),20,15,2,1,1,2,100,99,99,0
Houborg et al. (2023b),20,15,3,1,1,3,100,99,99,0
Houborg et al. (2023b),20,15,4,1,1,4,100,99,99,0
Houborg et al. (2023b),20,15,1,1,1,5,100,99,99,0
Houborg et al. (2023b),20,15,2,1,1,6,100,99,99,0
Houborg et al. (2023b),20,15,3,1,1,7,100,99,99,0
Houborg et al. (2023b),20,15,4,1,1,8,100,99,99,0
Houborg et al. (2023b),20,15,5,1,1,9,100,99,99,0
Houborg et al. (2023b),20,15,6,1,1,10,100,99,99,0
Houborg et al. (2023b),21,1,1,1,2,1,100,99,99,0
Houborg et al. (2023b),21,1,2,1,2,2,100,99,99,0
Houborg et al. (2023b),21,1,3,1,2,3,100,99,99,0
Houborg et al. (2023b),21,1,4,1,2,4,100,99,99,0
Houborg et al. (2023b),21,1,1,1,2,5,100,99,99,0
Houborg et al. (2023b),21,1,2,1,2,6,100,99,99,0
Houborg et al. (2023b),21,1,3,1,2,7,100,99,99,0
Houborg et al. (2023b),21,1,4,1,2,8,100,99,99,0
Houborg et al. (2023b),21,1,5,1,2,9,100,99,99,0
Houborg et al. (2023b),21,1,6,1,2,10,100,99,99,0
Houborg et al. (2023b),21,2,1,1,2,1,100,99,99,0
Houborg et al. (2023b),21,2,2,1,2,2,100,99,99,0
Houborg et al. (2023b),21,2,3,1,2,3,100,99,99,0
Houborg et al. (2023b),21,2,4,1,2,4,100,99,99,0
Houborg et al. (2023b),21,2,1,1,2,5,100,99,99,0
Houborg et al. (2023b),21,2,2,1,2,6,100,99,99,0
Houborg et al. (2023b),21,2,3,1,2,7,100,99,99,0
Houborg et al. (2023b),21,2,4,1,2,8,100,99,99,0
Houborg et al. (2023b),21,2,5,1,2,9,100,99,99,0
Houborg et al. (2023b),21,2,6,1,2,10,100,99,99,0
Houborg et al. (2023b),21,3,1,1,2,1,100,99,99,0
Houborg et al. (2023b),21,3,2,1,2,2,100,99,99,0
Houborg et al. (2023b),21,3,3,1,2,3,100,99,99,0
Houborg et al. (2023b),21,3,4,1,2,4,100,99,99,0
Houborg et al. (2023b),21,3,1,1,2,5,100,99,99,0
Houborg et al. (2023b),21,3,2,1,2,6,100,99,99,0
Houborg et al. (2023b),21,3,3,1,2,7,100,99,99,0
Houborg et al. (2023b),21,3,4,1,2,8,100,99,99,0
Houborg et al. (2023b),21,3,5,1,2,9,100,99,99,0
Houborg et al. (2023b),21,3,6,1,2,10,100,99,99,0
Houborg et al. (2023b),21,4,1,1,2,1,100,99,99,0
Houborg et al. (2023b),21,4,2,1,2,2,100,99,99,0
Houborg et al. (2023b),21,4,3,1,2,3,100,99,99,0
Houborg et al. (2023b),21,4,4,1,2,4,100,99,99,0
Houborg et al. (2023b),21,4,1,1,2,5,100,99,99,0
Houborg et al. (2023b),21,4,2,1,2,6,100,99,99,0
Houborg et al. (2023b),21,4,3,1,2,7,100,99,99,0
Houborg et al. (2023b),21,4,4,1,2,8,100,99,99,0
Houborg et al. (2023b),21,4,5,1,2,9,100,99,99,0
Houborg et al. (2023b),21,4,6,1,2,10,100,99,99,0
Houborg et al. (2023b),21,5,1,1,2,1,100,99,99,0
Houborg et al. (2023b),21,5,2,1,2,2,100,99,99,0
Houborg et al. (2023b),21,5,3,1,2,3,100,99,99,0
Houborg et al. (2023b),21,5,4,1,2,4,100,99,99,0
Houborg et al. (2023b),21,5,1,1,2,5,100,99,99,0
Houborg et al. (2023b),21,5,2,1,2,6,100,99,99,0
Houborg et al. (2023b),21,5,3,1,2,7,100,99,99,0
Houborg et al. (2023b),21,5,4,1,2,8,100,99,99,0
Houborg et al. (2023b),21,5,5,1,2,9,100,99,99,0
Houborg et al. (2023b),21,5,6,1,2,10,100,99,99,0
Houborg et al. (2023b),21,6,1,1,2,1,100,99,99,0
Houborg et al. (2023b),21,6,2,1,2,2,100,99,99,0
Houborg et al. (2023b),21,6,3,1,2,3,100,99,99,0
Houborg et al. (2023b),21,6,4,1,2,4,100,99,99,0
Houborg et al. (2023b),21,6,1,1,2,5,100,99,99,0
Houborg et al. (2023b),21,6,2,1,2,6,100,99,99,0
Houborg et al. (2023b),21,6,3,1,2,7,100,99,99,0
Houborg et al. (2023b),21,6,4,1,2,8,100,99,99,0
Houborg et al. (2023b),21,6,5,1,2,9,100,99,99,0
Houborg et al. (2023b),21,6,6,1,2,10,100,99,99,0
Houborg et al. (2023b),21,7,1,1,2,1,100,99,99,0
Houborg et al. (2023b),21,7,2,1,2,2,100,99,99,0
Houborg et al. (2023b),21,7,3,1,2,3,100,99,99,0
Houborg et al. (2023b),21,7,4,1,2,4,100,99,99,0
Houborg et al. (2023b),21,7,1,1,2,5,100,99,99,0
Houborg et al. (2023b),21,7,2,1,2,6,100,99,99,0
Houborg et al. (2023b),21,7,3,1,2,7,100,99,99,0
Houborg et al. (2023b),21,7,4,1,2,8,100,99,99,0
Houborg et al. (2023b),21,7,5,1,2,9,100,99,99,0
Houborg et al. (2023b),21,7,6,1,2,10,100,99,99,0
Houborg et al. (2023b),21,8,1,1,2,1,100,99,99,0
Houborg et al. (2023b),21,8,2,1,2,2,100,99,99,0
Houborg et al. (2023b),21,8,3,1,2,3,100,99,99,0
Houborg et al. (2023b),21,8,4,1,2,4,100,99,99,0
Houborg et al. (2023b),21,8,1,1,2,5,100,99,99,0
Houborg et al. (2023b),21,8,2,1,2,6,100,99,99,0
Houborg et al. (2023b),21,8,3,1,2,7,100,99,99,0
Houborg et al. (2023b),21,8,4,1,2,8,100,99,99,0
Houborg et al. (2023b),21,8,5,1,2,9,100,99,99,0
Houborg et al. (2023b),21,8,6,1,2,10,100,99,99,0
Houborg et al. (2023b),21,9,1,1,2,1,100,99,99,0
Houborg et al. (2023b),21,9,2,1,2,2,100,99,99,0
Houborg et al. (2023b),21,9,3,1,2,3,100,99,99,0
Houborg et al. (2023b),21,9,4,1,2,4,100,99,99,0
Houborg et al. (2023b),21,9,1,1,2,5,100,99,99,0
Houborg et al. (2023b),21,9,2,1,2,6,100,99,99,0
Houborg et al. (2023b),21,9,3,1,2,7,100,99,99,0
Houborg et al. (2023b),21,9,4,1,2,8,100,99,99,0
Houborg et al. (2023b),21,9,5,1,2,9,100,99,99,0
Houborg et al. (2023b),21,9,6,1,2,10,100,99,99,0
Houborg et al. (2023b),21,10,1,1,2,1,100,99,99,0
Houborg et al. (2023b),21,10,2,1,2,2,100,99,99,0
Houborg et al. (2023b),21,10,3,1,2,3,100,99,99,0
Houborg et al. (2023b),21,10,4,1,2,4,100,99,99,0
Houborg et al. (2023b),21,10,1,1,2,5,100,99,99,0
Houborg et al. (2023b),21,10,2,1,2,6,100,99,99,0
Houborg et al. (2023b),21,10,3,1,2,7,100,99,99,0
Houborg et al. (2023b),21,10,4,1,2,8,100,99,99,0
Houborg et al. (2023b),21,10,5,1,2,9,100,99,99,0
Houborg et al. (2023b),21,10,6,1,2,10,100,99,99,0
Houborg et al. (2023b),21,11,1,1,2,1,100,99,99,0
Houborg et al. (2023b),21,11,2,1,2,2,100,99,99,0
Houborg et al. (2023b),21,11,3,1,2,3,100,99,99,0
Houborg et al. (2023b),21,11,4,1,2,4,100,99,99,0
Houborg et al. (2023b),21,11,1,1,2,5,100,99,99,0
Houborg et al. (2023b),21,11,2,1,2,6,100,99,99,0
Houborg et al. (2023b),21,11,3,1,2,7,100,99,99,0
Houborg et al. (2023b),21,11,4,1,2,8,100,99,99,0
Houborg et al. (2023b),21,11,5,1,2,9,100,99,99,0
Houborg et al. (2023b),21,11,6,1,2,10,100,99,99,0
Houborg et al. (2023b),21,12,1,1,2,1,100,99,99,0
Houborg et al. (2023b),21,12,2,1,2,2,100,99,99,0
Houborg et al. (2023b),21,12,3,1,2,3,100,99,99,0
Houborg et al. (2023b),21,12,4,1,2,4,100,99,99,0
Houborg et al. (2023b),21,12,1,1,2,5,100,99,99,0
Houborg et al. (2023b),21,12,2,1,2,6,100,99,99,0
Houborg et al. (2023b),21,12,3,1,2,7,100,99,99,0
Houborg et al. (2023b),21,12,4,1,2,8,100,99,99,0
Houborg et al. (2023b),21,12,5,1,2,9,100,99,99,0
Houborg et al. (2023b),21,12,6,1,2,10,100,99,99,0
Houborg et al. (2023b),21,13,1,1,2,1,100,99,99,0
Houborg et al. (2023b),21,13,2,1,2,2,100,99,99,0
Houborg et al. (2023b),21,13,3,1,2,3,100,99,99,0
Houborg et al. (2023b),21,13,4,1,2,4,100,99,99,0
Houborg et al. (2023b),21,13,1,1,2,5,100,99,99,0
Houborg et al. (2023b),21,13,2,1,2,6,100,99,99,0
Houborg et al. (2023b),21,13,3,1,2,7,100,99,99,0
Houborg et al. (2023b),21,13,4,1,2,8,100,99,99,0
Houborg et al. (2023b),21,13,5,1,2,9,100,99,99,0
Houborg et al. (2023b),21,13,6,1,2,10,100,99,99,0
Houborg et al. (2023b),21,15,1,1,2,1,100,99,99,0
Houborg et al. (2023b),21,15,2,1,2,2,100,99,99,0
Houborg et al. (2023b),21,15,3,1,2,3,100,99,99,0
Houborg et al. (2023b),21,15,4,1,2,4,100,99,99,0
Houborg et al. (2023b),21,15,1,1,2,5,100,99,99,0
Houborg et al. (2023b),21,15,2,1,2,6,100,99,99,0
Houborg et al. (2023b),21,15,3,1,2,7,100,99,99,0
Houborg et al. (2023b),21,15,4,1,2,8,100,99,99,0
Houborg et al. (2023b),21,15,5,1,2,9,100,99,99,0
Houborg et al. (2023b),21,15,6,1,2,10,100,99,99,0
Houborg et al. (2023b),21,16,1,1,2,1,100,99,99,0
Houborg et al. (2023b),21,16,2,1,2,2,100,99,99,0
Houborg et al. (2023b),21,16,3,1,2,3,100,99,99,0
Houborg et al. (2023b),21,16,4,1,2,4,100,99,99,0
Houborg et al. (2023b),21,16,1,1,2,5,100,99,99,0
Houborg et al. (2023b),21,16,2,1,2,6,100,99,99,0
Houborg et al. (2023b),21,16,3,1,2,7,100,99,99,0
Houborg et al. (2023b),21,16,4,1,2,8,100,99,99,0
Houborg et al. (2023b),21,16,5,1,2,9,100,99,99,0
Houborg et al. (2023b),21,16,6,1,2,10,100,99,99,0
Houborg et al. (2023b),21,18,1,1,2,1,100,99,99,0
Houborg et al. (2023b),21,18,2,1,2,2,100,99,99,0
Houborg et al. (2023b),21,18,3,1,2,3,100,99,99,0
Houborg et al. (2023b),21,18,4,1,2,4,100,99,99,0
Houborg et al. (2023b),21,18,1,1,2,5,100,99,99,0
Houborg et al. (2023b),21,18,2,1,2,6,100,99,99,0
Houborg et al. (2023b),21,18,3,1,2,7,100,99,99,0
Houborg et al. (2023b),21,18,4,1,2,8,100,99,99,0
Houborg et al. (2023b),21,18,5,1,2,9,100,99,99,0
Houborg et al. (2023b),21,18,6,1,2,10,100,99,99,0
Houborg et al. (2023b),21,19,1,1,2,1,100,99,99,0
Houborg et al. (2023b),21,19,2,1,2,2,100,99,99,0
Houborg et al. (2023b),21,19,3,1,2,3,100,99,99,0
Houborg et al. (2023b),21,19,4,1,2,4,100,99,99,0
Houborg et al. (2023b),21,19,1,1,2,5,100,99,99,0
Houborg et al. (2023b),21,19,2,1,2,6,100,99,99,0
Houborg et al. (2023b),21,19,3,1,2,7,100,99,99,0
Houborg et al. (2023b),21,19,4,1,2,8,100,99,99,0
Houborg et al. (2023b),21,20,1,1,2,1,100,99,99,0
Houborg et al. (2023b),21,20,2,1,2,2,100,99,99,0
Houborg et al. (2023b),21,20,3,1,2,3,100,99,99,0
Houborg et al. (2023b),21,20,4,1,2,4,100,99,99,0
Houborg et al. (2023b),21,20,1,1,2,5,100,99,99,0
Houborg et al. (2023b),21,20,2,1,2,6,100,99,99,0
Houborg et al. (2023b),21,20,3,1,2,7,100,99,99,0
Houborg et al. (2023b),21,20,4,1,2,8,100,99,99,0
Houborg et al. (2023b),21,20,5,1,2,9,100,99,99,0
Houborg et al. (2023b),21,20,6,1,2,10,100,99,99,0
