study,codenum,total_rows,comparisons,matches,mismatches,passes_delta_check,source_file
Abreo et al. (2023),1,6754,6544,38,6506,False,01_Abreo_et_al_2023
Blonde et al. (2023),2,2380,2346,2346,0,True,02_Blonde_et_al_2023_Exp2
Ceylan & Pascucci (2023),3,6000,5800,5800,0,True,03_Ceylan_Pascucci_2023_Exp2
Ceylan et al. (2021),4,4800,4776,4776,0,True,04_Ceylan_et_al_2021
Ceylan et al. (2021),5,4800,4776,4776,0,True,04_Ceylan_et_al_2021
Ceylan et al. (2021),6,4800,4776,4776,0,True,04_Ceylan_et_al_2021
Ceylan et al. (2021),7,4800,4776,4776,0,True,04_Ceylan_et_al_2021
Chetverikov & Jehee (2023),8,5562,5253,5253,0,True,05_Chetverikov_Jehee_2023
Chetverikov & Jehee (2023),9,14274,13481,13481,0,True,05_Chetverikov_Jehee_2023
Cicchini et al. (2018),10,12300,12095,12095,0,True,06_Cicchini_et_al_2018
Fischer & Whitney (2014),11,3328,3296,3296,0,True,07_Fischer_Whitney_2014b
Fischer et al. (2020),12,32640,32620,32620,0,True,08_Fischer_et_al_2020
Fischer et al. (2020),13,79968,79919,79919,0,True,08_Fischer_et_al_2020
Fischer et al. (2020),14,32640,32620,32620,0,True,08_Fischer_et_al_2020
Fischer et al. (2020),15,31008,30988,30988,0,True,08_Fischer_et_al_2020
Gallagher & Benton (2022),16,8220,8200,4119,4081,False,11_Gallagher_Benton_2022
Gallagher & Benton (2022),17,8200,8180,4131,4049,False,11_Gallagher_Benton_2022
Houborg et al. (2023),18,3000,2850,2850,0,True,13_Houborg_et_al_2023
Houborg et al. (2023),19,3200,3040,3040,0,True,13_Houborg_et_al_2023
Houborg et al. (2023b),20,13920,13776,13776,0,True,14_Houborg_et_al_2023b
Houborg et al. (2023b),21,17800,17622,17622,0,True,14_Houborg_et_al_2023b
Kondo et al. (2022),22,20000,19600,19600,0,True,15_Kondo_et_al_2022
Kondo et al. (2022),23,20000,19600,19600,0,True,15_Kondo_et_al_2022
Kondo et al. (2022),24,20000,19600,19600,0,True,15_Kondo_et_al_2022
Kondo et al. (2022),25,16000,15680,15680,0,True,15_Kondo_et_al_2022
Lau & Maus (2019),26,15404,15255,15255,0,True,16_Lau_Mau_2019
Moon & Kwon (2022),27,13170,13050,13050,0,True,17_Moon_Kwon_2022
Moon et al. (2023),28,13080,12960,12960,0,True,18_Moon_et_al_2023
Moon et al. (2023),29,13170,13050,13050,0,True,18_Moon_et_al_2023
Moon et al. (2023),30,13080,12960,12960,0,True,18_Moon_et_al_2023
Ozkirli & Pascucci (2023),31,3191,3031,1557,1474,False,19_Ozkirli_Pascucci_2023
Ozkirli & Pascucci (2023),32,3199,3039,1567,1472,False,19_Ozkirli_Pascucci_2023
Ozkirli & Pascucci (2023),33,3170,3011,1577,1434,False,19_Ozkirli_Pascucci_2023
Ozkirli & Pascucci (2023),34,3168,3009,1569,1440,False,19_Ozkirli_Pascucci_2023
Ozkirli & Pascucci (2023),35,4800,4752,4752,0,True,19_Ozkirli_Pascucci_2023
Ozkirli & Pascucci (2023),36,4800,4752,4752,0,True,19_Ozkirli_Pascucci_2023
Pascucci et al. (2024),37,20800,20384,20384,0,True,20_Pascucci_et_al_2024
Sadil et al. (2024),38,24240,24000,24000,0,True,21_Sadil_et_al_2024
Samaha et al. (2019),39,2957,2859,1446,1413,False,22_Samaha_et_al_2019
Samaha et al. (2019),40,2973,2875,1467,1408,False,22_Samaha_et_al_2019
