study,codenum,participant_blocks,total_mismatches,mean_mismatches_per_participant_block
Abreo et al. (2023),1,209,6507,31.13397129186603
Blonde et al. (2023),2,34,0,0.0
Ceylan & Pascucci (2023),3,200,0,0.0
Ceylan et al. (2021),4,24,0,0.0
Ceylan et al. (2021),5,24,0,0.0
Ceylan et al. (2021),6,24,0,0.0
Ceylan et al. (2021),7,24,0,0.0
Chetverikov & Jehee (2023),8,305,1360,4.459016393442623
Chetverikov & Jehee (2023),9,793,3347,4.220680958385876
Cicchini et al. (2018),10,205,0,0.0
Fischer & Whitney (2014),11,32,0,0.0
Fischer et al. (2020),12,20,0,0.0
Fischer et al. (2020),13,49,0,0.0
Fischer et al. (2020),14,20,0,0.0
Fischer et al. (2020),15,20,0,0.0
Gallagher & Benton (2022),16,20,4081,204.05
Gallagher & Benton (2022),17,20,4049,202.45
Houborg et al. (2023),18,150,0,0.0
Houborg et al. (2023),19,160,0,0.0
Houborg et al. (2023b),20,84,60,0.7142857142857143
Houborg et al. (2023b),21,106,72,0.6792452830188679
Kondo et al. (2022),22,200,180,0.9
Kondo et al. (2022),23,200,177,0.885
Kondo et al. (2022),24,200,179,0.895
Kondo et al. (2022),25,160,143,0.89375
Lau & Maus (2019),26,133,0,0.0
Moon & Kwon (2022),27,120,315,2.625
Moon et al. (2023),28,120,241,2.0083333333333333
Moon et al. (2023),29,120,315,2.625
Moon et al. (2023),30,120,253,2.1083333333333334
Ozkirli & Pascucci (2023),31,160,1474,9.2125
Ozkirli & Pascucci (2023),32,160,1472,9.2
Ozkirli & Pascucci (2023),33,159,1434,9.018867924528301
Ozkirli & Pascucci (2023),34,159,1440,9.056603773584905
Ozkirli & Pascucci (2023),35,48,0,0.0
Ozkirli & Pascucci (2023),36,48,0,0.0
Pascucci et al. (2024),37,104,0,0.0
Sadil et al. (2024),38,240,0,0.0
Samaha et al. (2019),39,98,1413,14.418367346938776
Samaha et al. (2019),40,98,1408,14.36734693877551
