delta_1;delta_2;delta_3;delta_4;delta_5;delta_6
0.10468953104689531;0.22087791220877911;0.4894510548945106;0.24907509249075094;0.04329567043295671;0.23457654234576542
0.08039196080391961;0.8887111288871112;0.046295370462953706;0.704929507049295;0.49835016498350165;0.049295070492950704
0.6346365363463654;0.6475352464753524;0.025297470252974703;0.42675732426757323;0.04999500049995;0.43865613438656137
0.026297370262973702;0.038696130386961305;0.47485251474852513;0.6894310568943106;0.1556844315568443;0.2091790820917908
0.23917608239176083;0.16108389161083891;0.48535146485351466;0.05929407059294071;0.18148185181481852;0.45325467453254675
0.0182981701829817;0.44325567443255676;0.9561043895610439;0.7238276172382762;0.0428957104289571;0.6935306469353064
0.29427057294270575;0.3243675632436756;0.28147185281471854;0.6759324067593241;0.7798220177982201;0.7846215378462154
0.7083291670832916;0.6267373262673732;0.5720427957204279;0.6003399660033997;0.5045495450454954;0.8428157184281572
0.3588641135886411;0.5907409259074092;0.43495650434956507;0.3601639836016398;0.3170682931706829;0.39866013398660133
0.09009099090090991;0.21247875212478753;0.37946205379462056;0.9704029597040296;0.37046295370462956;0.14678532146785322
0.41645835416458354;0.38316168383161686;0.7812218778122187;0.8766123387661234;0.3000699930006999;0.6006399360063993
0.10038996100389962;0.30046995300469953;0.9379062093790621;0.09679032096790322;0.8297170282971703;0.49895010498950104
0.4226577342265773;0.9447055294470553;0.8371162883711629;0.23157684231576842;0.1581841815818418;0.45495450454954506
0.14088591140885912;0.5802419758024198;0.0046995300469953;0.6280371962803719;0.8745125487451255;0.30426957304269575
0.8599140085991401;0.7231276872312768;0.49465053494650535;0.8589141085891411;0.043995600439956005;0.8267173282671733
0.0694930506949305;0.29857014298570145;0.8404159584041596;0.6522347765223477;0.6904309569043096;0.2733726627337266
0.07439256074392561;0.1576842315768423;0.22397760223977603;0.23777622237776222;0.5021497850214979;0.0756924307569243
0.004399560043995601;0.016998300169983;0.9696030396960303;0.9344065593440656;0.3347665233476652;0.3474652534746525
0.0036996300369963003;0.0725927407259274;0.1738826117388261;0.28047195280471954;0.7078292170782922;0.5955404459554045
0.9823017698230176;0.055594440555944404;0.20727927207279273;0.201979802019798;0.1317868213178682;0.26377362263773624
0.28657134286571345;0.2004799520047995;0.5638436156384361;0.3090690930906909;0.6542345765423457;0.7543245675432457
0.22097790220977903;0.2558744125587441;0.461053894610539;0.6018398160183982;0.3190680931906809;0.32686731326867313
0.16398360163983602;0.41605839416058393;0.49365063493650635;0.07839216078392161;0.1336866313368663;0.7412258774122588
0.17628237176282371;0.2702729727027297;0.672932706729327;0.5151484851514848;0.7768223177682232;0.7559244075592441
0.28277172282771723;0.0395960403959604;0.31796820317968205;0.3738626137386261;0.3695630436956304;0.10528947105289471
0.0668933106689331;0.8328167183281672;0.2776722327767223;0.6112388761123888;0.2970702929707029;0.3056694330566943
0.0720927907209279;0.07279272072792721;0.1533846615338466;0.7674232576742326;0.5992400759924008;0.3548645135486451
0.0943905609439056;0.11558844115588442;0.7346265373462654;0.17698230176982302;0.8734126587341265;0.2141785821417858
0.18518148185181482;0.1658834116588341;0.6065393460653935;0.38206179382061795;0.9966003399660034;0.49065093490650935
0.06239376062393761;0.5889411058894111;0.20877912208779123;0.055694430556944306;0.015198480151984802;0.7090290970902909
0.127987201279872;0.8558144185581442;0.17738226177382263;0.39766023397660233;0.38346165383461656;0.7413258674132587
0.1371862813718628;0.5432456754324567;0.6328367163283671;0.518048195180482;0.40135986401359863;0.042995700429957005
0.31766823317668236;0.31966803319668036;0.22907709229077092;0.5257474252574742;0.16478352164783522;0.6817318268173183
0.055594440555944404;0.6332366763323668;0.17118288171182883;0.42975702429757023;0.6936306369363063;0.48295170482951705
0.3177682231776822;0.8846115388461154;0.6628337166283371;0.946905309469053;0.2665733426657334;0.5131486851314868
0.10868913108689131;0.0341965803419658;0.3594640535946405;0.7853214678532147;0.7737226277372263;0.45135486451354867
0.22447755224477553;0.1546845315468453;0.5407459254074592;0.09349065093490651;0.9116088391160884;0.7085291470852915
0.07549245075492451;0.28347165283471654;0.8975102489751025;0.7211278872112789;0.5940405959404059;0.8455154484551545
0.0730926907309269;0.3230676932306769;0.7534246575342466;0.27277272272772723;0.6572342765723428;0.1454854514548545
0.012198780121987801;0.3340665933406659;0.33966603339666035;0.6566343365663434;0.0800919908009199;0.022497750224977502
0.0504949505049495;0.1735826417358264;0.24947505249475052;0.11298870112988701;0.391960803919608;0.5704429557044296
0.12568743125687432;0.42545745425457454;0.45535446455354467;0.5958404159584042;0.31416858314168583;0.3217678232176782
0.2947705229477052;0.027497250274972504;0.8924107589241076;0.9773022697730227;0.9834016598340166;0.7566243375662434
0.0029997000299970002;0.2832716728327167;0.7688231176882312;0.5951404859514049;0.7609239076092391;0.0364963503649635
0.36766323367663234;0.097990200979902;0.12708729127087293;0.6815318468153184;0.7157284271572842;0.31886811318868113
0.06309369063093691;0.5197480251974802;0.28687131286871315;0.8093190680931907;0.41535846415358463;0.42895710428957107
0.11768823117688232;0.8538146185381462;0.0072992700729927005;0.8368163183681632;0.097990200979902;0.6226377362263774
0.004899510048995101;0.6126387361263873;0.5796420357964204;0.569043095690431;0.43125687431256876;0.4854514548545146
0.017798220177982202;0.26997300269973;0.6918308169183082;0.9018098190180982;0.2743725627437256;0.09969003099690031
0.05959404059594041;0.28217178282171784;0.45545445455454453;0.10178982101789821;0.22157784221577842;0.38816118388161186
0.06159384061593841;0.6888311168883112;0.21987801219878012;0.24877512248775122;0.2903709629037096;0.33286671332866713
0.3350664933506649;0.5867413258674132;0.40145985401459855;0.2575742425757424;0.23747625237476253;0.17568243175682433
0.023397660233976603;0.08159184081591841;0.032996700329967;0.17898210178982102;0.20487951204879512;0.08799120087991201
0.37896210378962103;0.26507349265073493;0.8985101489851015;0.43545645435456454;0.36826317368263173;0.5081491850814919
0.9968003199680032;0.4223577642235776;0.1586841315868413;0.37946205379462056;0.1957804219578042;0.06679332066793321
0.0670932906709329;0.06029397060293971;0.42655734426557346;0.3488651134886511;0.5927407259274072;0.5716428357164284
0.1406859314068593;0.595940405959404;0.30516948305169483;0.276972302769723;0.21957804219578042;0.8624137586241376
0.11608839116088392;0.3875612438756124;0.37936206379362064;0.8779122087791221;0.7144285571442855;0.053894610538946106
0.0143985601439856;0.25807419258074193;0.7425257474252575;0.9761023897610239;0.45255474452554745;0.9065093490650935
0.33096690330966905;0.24447555244475552;0.47385261473852613;0.20417958204179582;0.22997700229977003;0.23937606239376064
0.08509149085091491;0.46225377462253775;0.16418358164183583;0.5798420157984202;0.5091490850914908;0.9014098590140985
0.33136686331366866;0.34036596340365965;0.6179382061793821;0.2430756924307569;0.5947405259474052;0.31826817318268175
0.0751924807519248;0.9191080891910809;0.12088791120887911;0.12758724127587243;0.6456354364563544;0.021897810218978103
0.6888311168883112;0.44475552444755523;0.37976202379762025;0.7605239476052394;0.8944105589441056;0.4353564643535646
0.0122987701229877;0.3718628137186281;0.9842015798420158;0.1850814918508149;0.7024297570242976;0.9328067193280672
0.0786921307869213;0.1715828417158284;0.16998300169983002;0.76002399760024;0.10268973102689731;0.0811918808119188
0.16368363163683633;0.0387961203879612;0.7110288971102889;0.42015798420157985;0.6928307169283072;0.815918408159184
0.10058994100589941;0.30616938306169383;0.9313068693130687;0.6950304969503049;0.17648235176482352;0.1685831416858314
0.18808119188081193;0.9395060493950604;0.3574642535746425;0.7236276372362763;0.0806919308069193;0.9556044395560443
0.17498250174982502;0.4440555944405559;0.7229277072292771;0.3240675932406759;0.17738226177382263;0.5412458754124587
0.24527547245275472;0.7154284571542846;0.21697830216978303;0.05959404059594041;0.8438156184381562;0.8687131286871312
0.3280671932806719;0.9578042195780422;0.47285271472852713;0.030396960303969604;0.49705029497050296;0.4697530246975302
0.028697130286971302;0.6762323767623237;0.6128387161283871;0.38046195380461956;0.8161183881611839;0.47305269473052697
0.05679432056794321;0.1024897510248975;0.04179582041795821;0.5501449855014499;0.22227777222277773;0.7353264673532647
0.11038896110388961;0.05779422057794221;0.015798420157984203;0.46205379462053797;0.057694230576942306;0.3588641135886411
0.5912408759124088;0.1322867713228677;0.3965603439656034;0.9456054394560544;0.8041195880411959;0.009499050094990502
0.195980401959804;0.1678832116788321;0.3708629137086291;0.4617538246175382;0.5587441255874412;0.8858114188581142
0.45915408459154083;0.27677232276772323;0.2191780821917808;0.15658434156584342;0.6814318568143186;0.47855214478552144
0.48275172482751727;0.965003499650035;0.38116188381161886;0.7978202179782021;0.8318168183181682;0.12818718128187181
0.9081091890810918;0.3284671532846715;0.16178382161783822;0.8414158584141586;0.25577442255774424;0.34906509349065096
0.1897810218978102;0.8377162283771623;0.22197780221977803;0.9908009199080092;0.22477752224777522;0.13208679132086792
0.8984101589841016;0.7969203079692031;0.9129087091290871;0.5783421657834217;0.815918408159184;0.48875112488751127
0.2986701329867013;0.8357164283571643;0.761023897610239;0.2568743125687431;0.9463053694630537;0.6443355664433557
0.06879312068793121;0.15998400159984003;0.7128287171282872;0.24427557244275572;0.08699130086991301;0.5469453054694531
0.0182981701829817;0.47235276472352766;0.8955104489551045;0.845015498450155;0.20167983201679832;0.25107489251074894
0.23507649235076492;0.0871912808719128;0.15008499150084992;0.12468753124687532;0.16228377162283772;0.46715328467153283
0.032296770322967704;0.21187881211878812;0.4791520847915208;0.7248275172482752;0.49765023497650235;0.46235376462353767
0.049595040495950406;0.38076192380761925;0.48725127487251274;0.33256674332566744;0.5393460653934606;0.613038696130387
0.37836216378362164;0.23307669233076692;0.2034796520347965;0.8795120487951205;0.19788021197880212;0.2843715628437156
0.21687831216878312;0.8084191580841916;0.775922407759224;0.17618238176182383;0.49265073492650735;0.071992800719928
0.041495850414958506;0.1518848115188481;0.0807919208079192;0.06309369063093691;0.17398260173982602;0.1822817718228177
0.32626737326267374;0.9871012898710129;0.15498450154984503;0.25417458254174585;0.11938806119388061;0.9977002299770023
0.15348465153484653;0.40205979402059794;0.392960703929607;0.6412358764123588;0.2703729627037296;0.46825317468253175
0.15308469153084692;0.40015998400159986;0.5098490150984901;0.1596840315968403;0.025597440255974404;0.785921407859214
0.0448955104489551;0.13308669133086692;0.6927307269273073;0.30796920307969206;0.1456854314568543;0.37676232376762325
0.11748825117488251;0.5523447655234477;0.7201279872012799;0.9341065893410659;0.8002199780021998;0.43945605439456054
0.1384861513848615;0.8295170482951705;0.4677532246775322;0.7198280171982802;0.07079292070792921;0.5070492950704929
0.22197780221977803;0.39416058394160586;0.030396960303969604;0.5334466553344666;0.7105289471052895;0.3421657834216578
0.08759124087591241;0.8609139086091391;0.3180681931806819;0.040995900409959006;0.37576242375762425;0.9963003699630038
0.20187981201879812;0.4831516848315168;0.7134286571342866;0.6748325167483251;0.2876712328767123;0.032996700329967
0.7298270172982702;0.19968003199680032;0.7216278372162783;0.0491950804919508;0.0370962903709629;0.789021097890211
0.7606239376062394;0.07069293070692931;0.9111088891110889;0.6382361763823617;0.3351664833516648;0.8007199280071993
0.055094490550944904;0.8740125987401259;0.11888811118888111;0.9393060693930607;0.20437956204379562;0.6316368363163684
0.37446255374462556;0.5502449755024498;0.3147685231476852;0.0207979202079792;0.9651034896510349;0.5637436256374363
0.5477452254774523;0.0613938606139386;0.7163283671632836;0.09099090090990901;0.08199180081991801;0.7002299770022997
0.38866113388661133;0.24517548245175483;0.48605139486051396;0.9444055594440556;0.9075092490750925;0.12338766123387661
0.007699230076992301;0.1842815718428157;0.6278372162783722;0.0575942405759424;0.5262473752624738;0.37436256374362564
0.1065893410658934;0.936006399360064;0.8952104789521048;0.7543245675432457;0.8751124887511249;0.8353164683531646
0.026097390260973904;0.38466153384661533;0.9457054294570543;0.1994800519948005;0.6287371262873712;0.1347865213478652
0.5285471452854714;0.12188781121887811;0.4727527247275273;0.46835316468353166;0.46455354464553544;0.29227077292270776
0.3641635836416358;0.7184281571842815;0.6741325867413258;0.7218278172182782;0.9204079592040796;0.15448455154484553
0.0664933506649335;0.1994800519948005;0.10678932106789321;0.6602339766023397;0.977002299770023;0.29687031296870314
0.47435256474352566;0.0994900509949005;0.42685731426857315;0.3120687931206879;0.05599440055994401;0.30956904309569044
0.22557744225577442;0.19968003199680032;0.8106189381061893;0.8241175882411759;0.24227577242275772;0.8075192480751925
0.15558444155584442;0.1491850814918508;0.10038996100389962;0.29647035296470353;0.23517648235176483;0.5888411158884111
0.36346365363463656;0.6117388261173883;0.24577542245775422;0.8312168783121687;0.4627537246275372;0.7684231576842315
0.13888611138886112;0.9794020597940206;0.2074792520747925;0.6694330566943306;0.46625337466253375;0.18918108189181082
0.987001299870013;0.7527247275272473;0.7118288171182882;0.16568343165683433;0.41655834416558346;0.08399160083991601
0.030896910308969103;0.5503449655034497;0.271972802719728;0.07699230076992301;0.1222877712228777;0.35896410358964104
0.22107789221077892;0.6008399160083991;0.17618238176182383;0.1364863513648635;0.24867513248675133;0.5829417058294171
0.8314168583141686;0.12708729127087293;0.32056794320567944;0.37676232376762325;0.9729027097290271;0.49625037496250374
0.6299370062993701;0.9472052794720528;0.07479252074792521;0.013898610138986101;0.007999200079992;0.7992200779922007
0.9101089891010898;0.8431156884311569;0.9432056794320568;0.8993100689931007;0.029797020297970205;0.05629437056294371
0.20567943205679431;0.16248375162483752;0.35166483351664835;0.636936306369363;0.5082491750824918;0.45135486451354867
0.5646435356464353;0.9301069893010699;0.42485751424857515;0.31366863313668636;0.5646435356464353;0.32856714328567144
0.1503849615038496;0.8321167883211679;0.033096690330966905;0.25817418258174185;0.5701429857014298;0.9037096290370963
0.1733826617338266;0.3588641135886411;0.9359064093590641;0.8131186881311869;0.35356464353564643;0.44655534446555345
0.775922407759224;0.1601839816018398;0.0021997800219978004;0.10948905109489052;0.7427257274272573;0.34796520347965204
0.20177982201779823;0.5836416358364164;0.07379262073792621;0.3695630436956304;0.8866113388661134;0.42945705429457054
0.0831916808319168;0.4186581341865813;0.17228277172282772;0.9426057394260574;0.9025097490250975;0.13708629137086292
0.9628037196280372;0.2535746425357464;0.26477352264773524;0.9305069493050695;0.33466653334666535;0.7099290070992901
0.4637536246375362;0.9763023697630236;0.9163083691630837;0.0771922807719228;0.29647035296470353;0.6138386161383862
0.22277772222777723;0.5362463753624638;0.34856514348565143;0.32116788321167883;0.9277072292770723;0.7861213878612139
0.09479052094790522;0.5957404259574043;0.3370662933706629;0.10898910108989102;0.6624337566243376;0.4176582341765823
0.25037496250374963;0.7764223577642235;0.8254174582541746;0.26347365263473654;0.6523347665233477;0.8898110188981102
0.15998400159984003;0.9395060493950604;0.43685631436856315;0.0201979802019798;0.031596840315968405;0.6056394360563944
0.8254174582541746;0.0221977802219778;0.5177482251774822;0.1628837116288371;0.47055294470552944;0.9313068693130687
0.619038096190381;0.6164383561643836;0.968003199680032;0.1553844615538446;0.7210278972102789;0.5963403659634037
0.025797420257974202;0.924007599240076;0.8848115188481152;0.1616838316168383;0.3367663233676632;0.032396760323967606
0.7321267873212679;0.6235376462353764;0.7837216278372163;0.7078292170782922;0.09959004099590041;0.5222477752224778
0.23717628237176283;0.5056494350564944;0.7430256974302569;0.7493250674932507;0.3604639536046395;0.7225277472252775
0.853014698530147;0.7199280071992801;0.25617438256174385;0.9187081291870813;0.15008499150084992;0.36776322367763226
0.29287071292870714;0.2930706929307069;0.7103289671032896;0.8372162783721628;0.0893910608939106;0.5953404659534046
0.0902909709029097;0.037396260373962605;0.018098190180981903;0.22517748225177484;0.3558644135586441;0.28777122287771223
0.44425557444255576;0.44115588441155884;0.630936906309369;0.23227677232276772;0.9856014398560144;0.15728427157284272
0.1250874912508749;0.14388561143885611;0.004999500049995001;0.9674032596740326;0.24267573242675733;0.973002699730027
0.0047995200479952005;0.7215278472152785;0.38616138386161386;0.3808619138086191;0.461053894610539;0.846015398460154
0.7907209279072093;0.8806119388061194;0.7254274572542746;0.2963703629637036;0.0872912708729127;0.921007899210079
0.24047595240475952;0.21587841215878412;0.41505849415058493;0.8762123787621238;0.5395460453954605;0.12918708129187081
0.0028997100289971;0.9637036296370363;0.5765423457654234;0.5668433156684332;0.0036996300369963003;0.5528447155284472
0.7221277872212779;0.09969003099690031;0.5514448555144486;0.627037296270373;0.3661633836616338;0.8878112188781122
0.8962103789621038;0.1362863713628637;0.14388561143885611;0.2283771622837716;0.7627237276272373;0.1374862513748625
0.0811918808119188;0.5373462653734626;0.0765923407659234;0.2896710328967103;0.29287071292870714;0.3658634136586341
0.0331966803319668;0.3150684931506849;0.1563843615638436;0.11738826117388261;0.16798320167983202;0.060693930606939304
0.7803219678032197;0.25997400259974;0.1932806719328067;0.2511748825117488;0.7142285771422858;0.6868313168683132
0.09359064093590641;0.014998500149985002;0.41995800419958;0.21487851214878512;0.11678832116788321;0.6047395260473952
0.0643935606439356;0.17938206179382063;0.14328567143285673;0.7007299270072993;0.8184181581841816;0.2987701229877012
0.05119488051194881;0.2268773122687731;0.11828817118288171;0.0720927907209279;0.9799020097990201;0.7869213078692131
0.9853014698530147;0.23477652234776522;0.49605039496050396;0.1171882811718828;0.0438956104389561;0.48705129487051296
0.7165283471652835;0.33266673332666735;0.0018998100189981002;0.20527947205279473;0.4116588341165883;0.47035296470352966
0.0324967503249675;0.14108589141085892;0.13738626137386262;0.24887511248875113;0.49775022497750226;0.6472352764723528
0.0903909609039096;0.7114288571142886;0.1922807719228077;0.8115188481151885;0.014698530146985302;0.8147185281471853
0.17268273172682733;0.2562743725627437;0.3855614438556144;0.5193480651934806;0.11608839116088392;0.2034796520347965
0.07589241075892411;0.08189181081891811;0.29077092290770923;0.19038096190380963;0.35066493350664935;0.47975202479752027
0.10228977102289771;0.0999900009999;0.14828517148285172;0.5453454654534546;0.4306569343065693;0.32756724327567244
0.1688831116888311;0.07139286071392861;0.0059994000599940004;0.9207079292070793;0.1663833616638336;0.9807019298070193
0.0654934506549345;0.16448355164483552;0.17718228177182282;0.7077292270772922;0.5212478752124787;0.0165983401659834
0.0903909609039096;0.1396860313968603;0.21107889211078892;0.5526447355264473;0.7594240575942406;0.5366463353664633
0.1598840115988401;0.14608539146085392;0.15898410158984103;0.2566743325667433;0.6719328067193281;0.9763023697630236
0.15478452154784522;0.2288771122887711;0.3310668933106689;0.5353464653534646;0.21947805219478053;0.1954804519548045
0.31816818318168183;0.25917408259174085;0.0790920907909209;0.46855314468553144;0.47115288471152883;0.5892410758924107
0.12338766123387661;0.1354864513548645;0.17218278172182783;0.15748425157484253;0.7082291770822917;0.3518648135186481
0.12198780121987801;0.15308469153084692;0.5524447555244476;0.47925207479252074;0.24877512248775122;0.2054794520547945
0.1267873212678732;0.21587841215878412;0.932906709329067;0.0812918708129187;0.1232876712328767;0.33586641335866413
0.11918808119188082;0.16728327167283272;0.0395960403959604;0.9487051294870513;0.19928007199280073;0.5242475752424758
0.00019998000199980003;0.0031996800319968005;0.1685831416858314;0.7749225077492251;0.072992700729927;0.7175282471752825
0.003999600039996;0.6768323167683231;0.1334866513348665;0.1787821217878212;0.2696730326967303;0.12588741125887412
0.0081991800819918;0.6072392760723928;0.1735826417358264;0.3214678532146785;0.1645835416458354;0.48305169483051696
0.0020997900209979003;0.27947205279472054;0.08049195080491951;0.44515548445155484;0.46265373462653736;0.31826817318268175
0.13138686131386862;0.08049195080491951;0.21897810218978103;0.1511848815118488;0.47665233476652336;0.8837116288371163
0.08309169083091691;0.12138786121387861;0.8893110688931107;0.9502049795020497;0.19098090190980901;0.34536546345365465
0.07849215078492151;0.33236676332366766;0.2642735726427357;0.2535746425357464;0.5463453654634537;0.036096390360963904
0.11488851114888511;0.1720827917208279;0.18518148185181482;0.38876112388761125;0.7639236076392361;0.6227377262273772
0.07129287071292871;0.1972802719728027;0.0005999400059994001;0.44525547445255476;0.42615738426157385;0.9949005099490051
0.0893910608939106;0.10288971102889712;0.5008499150084992;0.46215378462153783;0.032396760323967606;0.0245975402459754
0.06629337066293371;0.1994800519948005;0.9478052194780522;0.39966003399660033;0.5069493050694931;0.9504049595040496
0.07479252074792521;0.17318268173182683;0.33166683331666835;0.537946205379462;0.27477252274772523;0.9481051894810519
0.0670932906709329;0.37836216378362164;0.6624337566243376;0.8849115088491151;0.8640135986401359;0.6811318868113189
0.09249075092490751;0.41805819418058193;0.24267573242675733;0.8417158284171583;0.260973902609739;0.30246975302469753
0.22657734226577342;0.9902009799020098;0.10968903109689031;0.43215678432156784;0.14288571142885712;0.4527547245275472
0.08029197080291971;0.44225577442255776;0.6178382161783822;0.25007499250074994;0.11658834116588342;0.7763223677632237
0.06679332066793321;0.2538746125387461;0.6202379762023797;0.05499450054994501;0.067993200679932;0.48975102489751027
0.05219478052194781;0.1832816718328167;0.33236676332366766;0.2578742125787421;0.7121287871212879;0.29187081291870814
0.1044895510448955;0.7488251174882512;0.11138886111388861;0.9297070292970703;0.31566843315668436;0.08089191080891911
0.7971202879712029;0.12478752124787522;0.26317368263173685;0.775922407759224;0.42595740425957407;0.7472252774722528
0.1282871712828717;0.20117988201179882;0.39506049395060494;0.5631436856314369;0.8075192480751925;0.49925007499250074
0.0796920307969203;0.18988101189881013;0.561043895610439;0.036896310368963105;0.09599040095990401;0.8520147985201479
0.0665933406659334;0.4293570642935706;0.7942205779422058;0.5883411658834117;0.5641435856414359;0.130986901309869
0.8571142885711429;0.19438056194380562;0.17888211178882113;0.08259174082591741;0.35796420357964204;0.6181381861813818
0.27247275272472754;0.23277672232776722;0.23527647235276472;0.6118388161183882;0.40815918408159185;0.35056494350564943
0.24247575242475752;0.12718728127187282;0.34976502349765026;0.08559144085591441;0.7336266373362663;0.7101289871012899
0.0633936606339366;0.30556944305569445;0.4781521847815218;0.5235476452354765;0.25777422257774224;0.5141485851414859
0.0683931606839316;0.14958504149585042;0.06529347065293471;0.15378462153784622;0.21797820217978203;0.2920707929207079
0.0765923407659234;0.9292070792920708;0.45385461453854614;0.0756924307569243;0.09209079092090791;0.41215878412158785
0.0734926507349265;0.14178582141785823;0.20877912208779123;0.2425757424257574;0.31316868313168683;0.37946205379462056
0.10308969103089691;0.10128987101289871;0.29127087291270876;0.7574242575742426;0.9522047795220479;0.064993500649935
0.06329367063293671;0.22467753224677534;0.43615638436156384;0.10358964103589641;0.9034096590340965;0.7932206779322067
0.08699130086991301;0.16478352164783522;0.3321667833216678;0.42545745425457454;0.1372862713728627;0.6993300669933007
0.06989301069893011;0.10618938106189381;0.5874412558744125;0.2598740125987401;0.7283271672832716;0.034996500349965
0.08909109089091091;0.6847315268473153;0.2850714928507149;0.46955304469553044;0.3792620737926207;0.21007899210078992
0.059394060593940604;0.134986501349865;0.24277572242775722;0.6563343665633437;0.16268373162683733;0.6325367463253675
0.1665833416658334;0.8543145685431457;0.13108689131086892;0.6762323767623237;0.49975002499750026;0.9811018898110189
0.2735726427357264;0.07649235076492351;0.8606139386061394;0.7031296870312969;0.6576342365763423;0.7277272272772722
0.1528847115288471;0.136986301369863;0.0212978702129787;0.8780121987801219;0.6704329567043296;0.20017998200179982
0.07119288071192881;0.09929007099290071;0.561043895610439;0.49795020497950204;0.39276072392760725;0.46955304469553044
0.5783421657834217;0.40175982401759824;0.6571342865713429;0.9154084591540846;0.883011698830117;0.7953204679532047
0.06239376062393761;0.08559144085591441;0.6326367363263674;0.12378762123787622;0.7858214178582141;0.17298270172982702
0.0664933506649335;0.1341865813418658;0.8201179882011799;0.011698830116988301;0.16828317168283172;0.969003099690031
0.11348865113488651;0.0857914208579142;0.36906309369063095;0.29187081291870814;0.31526847315268475;0.7836216378362164
0.0690930906909309;0.1561843815618438;0.22567743225677434;0.11048895110488952;0.6317368263173683;0.5460453954604539
0.0660933906609339;0.251974802519748;0.40015998400159986;0.9642035796420358;0.019698030196980302;0.1563843615638436
0.1877812218778122;0.22807719228077192;0.410958904109589;0.5030496950304969;0.0700929907009299;0.7183281671832816
0.08029197080291971;0.28547145285471454;0.40305969403059694;0.6182381761823817;0.649035096490351;0.5086491350864913
0.09779022097790221;0.3568643135686431;0.23927607239276072;0.8153184681531847;0.1703829617038296;0.024897510248975102
0.06719328067193281;0.11288871112888711;0.7531246875312468;0.8249175082491751;0.3544645535446455;0.597940205979402
0.5062493750624938;0.030496950304969503;0.7247275272472753;0.22227777222277773;0.5584441555844416;0.38516148385161486
0.0724927507249275;0.1264873512648735;0.48185181481851813;0.7989201079892011;0.787021297870213;0.6359364063593641
0.06819318068193181;0.37996200379962003;0.0017998200179982;0.26117388261173885;0.7914208579142086;0.25347465253474655
0.26747325267473254;0.9716028397160283;0.8782121787821218;0.09119088091190881;0.22457754224577542;0.2552744725527447
0.07599240075992401;0.5211478852114788;0.8803119688031197;0.24877512248775122;0.7108289171082892;0.45415458454154584
0.0613938606139386;0.136986301369863;0.647035296470353;0.3635636436356364;0.27787221277872215;0.1351864813518648
0.06579342065793421;0.14538546145385461;0.9796020397960205;0.9604039596040396;0.27117288271172885;0.16948305169483052
0.0988901109889011;0.10648935106489352;0.5000499950005;0.9237076292370763;0.16768323167683233;0.8815118488151185
0.6778322167783222;0.05729427057294271;0.7517248275172482;0.24397560243975602;0.38136186381361864;0.7450254974502549
0.13158684131586842;0.5272472752724727;0.34726527347265274;0.051094890510948905;0.0392960703929607;0.29887011298870114
0.1161883811618838;0.8178182181781822;0.197980201979802;0.21277872212778723;0.7926207379262074;0.7617238276172382
0.06009399060093991;0.0463953604639536;0.911008899110089;0.9868013198680132;0.0765923407659234;0.37146285371462856
0.06369363063693631;0.6974302569743026;0.12308769123087691;0.014198580141985802;0.6149385061493851;0.7713228677132287
0.0685931406859314;0.11448855114488551;0.6648335166483351;0.45525447455254475;0.2206779322067793;0.8720127987201279
0.09669033096690331;0.12468753124687532;0.9392060793920608;0.9699030096990301;0.33856614338566143;0.45755424457554245
0.0654934506549345;0.13658634136586342;0.6775322467753224;0.24867513248675133;0.25277472252774724;0.9374062593740626
0.054894510548945105;0.40285971402859716;0.13888611138886112;0.14658534146585342;0.7223277672232776;0.42785721427857215
0.07079292070792921;0.0071992800719928;0.33226677332266774;0.3594640535946405;0.44175582441755823;0.8431156884311569
0.0675932406759324;0.194980501949805;0.8439156084391561;0.37536246375362464;0.2552744725527447;0.620937906209379
0.14758524147585242;0.6014398560143985;0.7992200779922007;0.6627337266273373;0.44655534446555345;0.5308469153084692
0.7086291370862914;0.6601339866013398;0.43685631436856315;0.9583041695830417;0.8228177182281772;0.672932706729327
0.22137786221377861;0.30746925307469253;0.28077192280771923;0.23257674232576742;0.5915408459154085;0.030796920307969204
0.1640835916408359;0.007499250074992501;0.32626737326267374;0.9297070292970703;0.16378362163783622;0.07749225077492251
0.0700929907009299;0.6538346165383462;0.18898110188981102;0.47525247475252475;0.27417258274172585;0.23157684231576842
0.1840815918408159;0.8385161483851615;0.6978302169783022;0.8864113588641136;0.8385161483851615;0.22107789221077892
0.2665733426657334;0.6652334766523348;0.7541245875412459;0.07339266073392661;0.5376462353764624;0.09989001099890012
0.11898810118988101;0.8946105389461054;0.137986201379862;0.013898610138986101;0.6228377162283771;0.0714928507149285
0.0675932406759324;0.14208579142085792;0.058694130586941305;0.9611038896110389;0.10898910108989102;0.24877512248775122
0.0206979302069793;0.43895610438956106;0.573942605739426;0.6967303269673033;0.827017298270173;0.5306469353064693
0.921007899210079;0.9922007799220078;0.9592040795920408;0.11448855114488551;0.03899610038996101;0.8557144285571443
0.36236376362363765;0.22707729227077292;0.3685631436856314;0.7158284171582842;0.0978902109789021;0.855014498550145
0.32636736326367366;0.7211278872112789;0.44695530446955306;0.8391160883911609;0.5946405359464053;0.47775222477752227
0.4026597340265973;0.6203379662033797;0.2161783821617838;0.33806619338066196;0.025197480251974803;0.6979302069793021
0.010298970102989701;0.37376262373762625;0.413958604139586;0.0988901109889011;0.3113688631136886;0.7083291670832916
0.3474652534746525;0.7888211178882112;0.5308469153084692;0.39006099390060994;0.07429257074292571;0.7935206479352065
0.33496650334966505;0.824017598240176;0.9256074392560744;0.8297170282971703;0.6774322567743226;0.9896010398960104
0.9809019098090191;0.683031696830317;0.7874212578742126;0.8666133386661334;0.533946605339466;0.74002599740026
0.47155284471552844;0.8864113588641136;0.5808419158084192;0.6101389861013898;0.6572342765723428;0.2723727627237276
0.9689031096890312;0.9482051794820517;0.7855214478552145;0.06319368063193681;0.9168083191680831;0.9684031596840316
0.726027397260274;0.13688631136886312;0.42485751424857515;0.29827017298270175;0.6688331166883311;0.8597140285971403
0.44475552444755523;0.563943605639436;0.8804119588041196;0.563043695630437;0.5496450354964504;0.8764123587641236
0.44575542445755423;0.9069093090690931;0.44695530446955306;0.7343265673432656;0.1354864513548645;0.1494850514948505
0.6762323767623237;0.11278872112788721;0.1907809219078092;0.6278372162783722;0.2333766623337666;0.46085391460853914
0.6120387961203879;0.5429457054294571;0.8818118188181182;0.956904309569043;0.06919308069193081;0.7632236776322368
0.8759124087591241;0.7913208679132087;0.21937806219378062;0.07019298070192981;0.21947805219478053;0.8607139286071392
0.1474852514748525;0.7523247675232477;0.815018498150185;0.293970602939706;0.5165483451654834;0.3133686631336866
0.5295470452954705;0.5010498950104989;0.0695930406959304;0.9846015398460154;0.7154284571542846;0.0766923307669233
0.11098890110988902;0.22657734226577342;0.9454054594540546;0.7655234476552345;0.9602039796020398;0.05349465053494651
0.42455754424557546;0.1630836916308369;0.7466253374662534;0.6656334366563343;0.36806319368063195;0.13488651134886512
0.21757824217578242;0.051594840515948405;0.12048795120487951;0.28347165283471654;0.6300369963003699;0.9255074492550744
0.14758524147585242;0.0225977402259774;0.14678532146785322;0.15908409159084091;0.17018298170182983;0.5861413858614138
0.06269373062693731;0.035596440355964404;0.25807419258074193;0.16618338166183383;0.1461853814618538;0.3163683631636836
0.11938806119388061;0.24067593240675933;0.6212378762123788;0.31416858314168583;0.24837516248375163;0.8269173082691731
0.2706729327067293;0.7368263173682632;0.9918008199180082;0.2111788821117888;0.18918108189181082;0.2521747825217478
0.12358764123587641;0.32156784321567844;0.16978302169783022;0.12218778122187782;0.23347665233476653;0.9202079792020798
0.054394560543945605;0.11298870112988701;0.837016298370163;0.15298470152984703;0.46505349465053497;0.6135386461353864
0.3671632836716328;0.8492150784921508;0.30896910308969106;0.4320567943205679;0.44785521447855214;0.9021097890210978
0.0484951504849515;0.9145085491450855;0.1705829417058294;0.20997900209979;0.5123487651234877;0.13978602139786023
0.05349465053494651;0.2440755924407559;0.0648935106489351;0.2947705229477052;0.48085191480851913;0.7103289671032896
0.0664933506649335;0.6093390660933906;0.45245475452454753;0.050294970502949704;0.18758124187581243;0.07689231076892311
0.0028997100289971;0.0913908609139086;0.0852914708529147;0.026697330266973303;0.35906409359064095;0.19928007199280073
0.0059994000599940004;0.902009799020098;0.46555344465553444;0.08199180081991801;0.19268073192680732;0.24527547245275472
0.35936406359364065;0.05929407059294071;0.29887011298870114;0.07179282071792821;0.57994200579942;0.17848215178482152
0.1166883311668833;0.5257474252574742;0.8660133986601339;0.9049095090490951;0.17988201179882013;0.0357964203579642
0.0226977302269773;0.34066593340665935;0.5861413858614138;0.2136786321367863;0.05449455054494551;0.029397060293970604
0.0547945205479452;0.005599440055994401;0.32636736326367366;0.20287971202879712;0.3197680231976802;0.1424857514248575
0.056694330566943306;0.059994000599940006;0.008599140085991401;0.27377262273772623;0.0058994100589941;0.9947005299470053
0.035996400359964;0.6728327167283271;0.19738026197380262;0.26687331266873315;0.23747625237476253;0.05779422057794221
0.040995900409959006;0.15848415158484153;0.15158484151584842;0.29427057294270575;0.9058094190580942;0.09049095090490951
0.0007999200079992001;0.041195880411958805;0.05679432056794321;0.128987101289871;0.6362363763623637;0.11848815118488151
0.046295370462953706;0.1252874712528747;0.48005199480051997;0.026997300269973004;0.1984801519848015;0.08789121087891211
0.0072992700729927005;0.10038996100389962;0.24547545245475452;0.6598340165983402;0.45085491450854914;0.20037996200379962
0.08739126087391261;0.0532946705329467;0.39516048395160486;0.009599040095990401;0.19148085191480851;0.0071992800719928
0.15528447155284472;0.577942205779422;0.23717628237176283;0.09109089091090891;0.052594740525947405;0.1344865513448655
0.0071992800719928;0.042495750424957505;0.7067293270672933;0.3952604739526047;0.5896410358964104;0.21437856214378562
0.05219478052194781;0.2546745325467453;0.061493850614938506;0.5929407059294071;0.14608539146085392;0.1952804719528047
0.0524947505249475;0.06029397060293971;0.7456254374562544;0.12738726127387262;0.6463353664633537;0.41705829417058293
0.0710928907109289;0.14628537146285372;0.38566143385661433;0.29987001299870014;0.41085891410858916;0.7427257274272573
0.015498450154984501;0.14588541145885411;0.5161483851614839;0.19408059194080593;0.0766923307669233;0.991000899910009
0.29957004299570045;0.1371862813718628;0.8512148785121488;0.8093190680931907;0.39436056394360564;0.37716228377162286
0.009599040095990401;0.1034896510348965;0.024797520247975203;0.43665633436656337;0.47215278472152783;0.5991400859914009
0.006299370062993701;0.10088991100889912;0.9809019098090191;0.7545245475452454;0.6814318568143186;0.7562243775622438
0.37906209379062095;0.7777222277772223;0.7892210778922107;0.2106789321067893;0.09359064093590641;0.2606739326067393
0.1474852514748525;0.8719128087191281;0.4500549945005499;0.9378062193780622;0.8851114888511149;0.403959604039596
0.45245475452454753;0.637036296370363;0.9603039696030397;0.656934306569343;0.22417758224177584;0.6959304069593041
0.20467953204679531;0.8104189581041896;0.1034896510348965;0.30086991300869914;0.1367863213678632;0.2635736426357364
0.028197180281971802;0.1080891910808919;0.5615438456154385;0.3330666933306669;0.2141785821417858;0.8084191580841916
0.1882811718828117;0.13208679132086792;0.29057094290570945;0.6639336066393361;0.09379062093790622;0.12038796120387961
0.0902909709029097;0.8977102289771023;0.7339266073392661;0.12338766123387661;0.08689131086891311;0.041495850414958506
0.12058794120587941;0.67003299670033;0.10318968103189681;0.49955004499550043;0.5944405559444056;0.8232176782321767
0.7601239876012399;0.11988801119888011;0.13908609139086092;0.051594840515948405;0.46065393460653936;0.18708129187081293
0.20887911208879112;0.22767723227677233;0.22087791220877911;0.1217878212178782;0.19088091190880913;0.027797220277972202
0.5453454654534546;0.6628337166283371;0.9287071292870713;0.5065493450654934;0.5632436756324367;0.9493050694930507
0.34136586341365865;0.1591840815918408;0.17888211178882113;0.4794520547945205;0.33056694330566944;0.2846715328467153
0.052594740525947405;0.053394660533946606;0.42945705429457054;0.10548945105489452;0.9034096590340965;0.3665633436656334
0.16478352164783522;0.7952204779522047;0.284971502849715;0.0372962703729627;0.39946005399460055;0.44655534446555345
0.058994100589941006;0.11048895110488952;0.9759024097590241;0.27347265273472654;0.22457754224577542;0.5115488451154885
0.05419458054194581;0.24197580241975802;0.9092090790920908;0.9733026697330267;0.7434256574342566;0.647035296470353
0.43485651434856515;0.6415358464153584;0.8121187881211879;0.28277172282771723;0.29547045295470453;0.5024497550244975
0.08589141085891411;0.0857914208579142;0.34006599340065996;0.38316168383161686;0.11298870112988701;0.295970402959704
0.08259174082591741;0.8168183181681832;0.3261673832616738;0.08299170082991701;0.3321667833216678;0.1494850514948505
0.0423957604239576;0.06529347065293471;0.6157384261573843;0.5112488751124887;0.17448255174482552;0.3651634836516348
0.0014998500149985001;0.043195680431956804;0.29287071292870714;0.76992300769923;0.7113288671132887;0.9995000499950005
0.013098690130986902;0.03519648035196481;0.21177882211778823;0.2546745325467453;0.4233576642335766;0.27587241275872415
0.06109389061093891;0.20237976202379762;0.22927707229277072;0.9174082591740826;0.08599140085991401;0.34206579342065796
0.0108989101089891;0.10988901109889011;0.16778322167783222;0.8817118288171183;0.9605039496050395;0.9808019198080192
0.008899110088991101;0.40255974402559747;0.5984401559844016;0.5562443755624438;0.23877612238776122;0.6682331766823317
0.044995500449955005;0.016698330166983303;0.8313168683131686;0.2592740725927407;0.9814018598140186;0.047995200479952004
0.06529347065293471;0.3200679932006799;0.5732426757324267;0.18498150184981502;0.7392260773922608;0.15598440155984403
0.008899110088991101;0.029897010298970104;0.07779222077792221;0.19888011198880112;0.06209379062093791;0.15478452154784522
0.028497150284971504;0.21927807219278073;0.1578842115788421;0.061693830616938304;0.11288871112888711;0.09359064093590641
0.659034096590341;0.5692430756924307;0.3514648535146485;0.293970602939706;0.28257174282571745;0.9113088691130887
0.006099390060993901;0.6428357164283571;0.072992700729927;0.27547245275472454;0.1356864313568643;0.4587541245875412
0.021897810218978103;0.42905709429057093;0.09459054094590541;0.19858014198580143;0.869013098690131;0.39866013398660133
0.252974702529747;0.4316568343165683;0.12968703129687031;0.15408459154084592;0.19208079192080793;0.42385761423857615
